Variant,Chromosome,Position,Gene,Ref,Alt,Mutation,Impact,Clinical Significance
rs123456,1,123456,ABC1,A,G,Missense,1,4
rs789012,2,234567,ABC2,C,T,Silent,0,1
rs345678,3,345678,ABC3,G,A,Frameshift,4,5
rs567890,4,456789,ABC4,T,C,Missense,5,2
rs910111,5,567890,ABC5,A,T,Insertion,6,3
rs234567,6,678901,ABC6,G,C,Deletion,8,0
rs890123,7,789012,ABC7,C,G,Missense,7,5
rs123890,8,890123,ABC8,A,C,Silent,4,1
rs456789,9,901234,ABC9,T,G,Missense,3,4
rs234890,10,123456,ABC10,G,A,Frameshift,5,2
rs345890,11,234567,ABC11,C,T,Missense,6,4
rs567123,12,345678,ABC12,A,T,Insertion,8,3
rs789345,13,456789,ABC13,T,C,Silent,4,1
rs123789,14,567890,ABC14,G,A,Missense,3,2
rs910123,15,678901,ABC15,A,G,Deletion,2,0
rs345012,16,789012,ABC16,T,G,Silent,5,1
rs789567,17,890123,ABC17,C,T,Frameshift,6,5
rs234123,18,901234,ABC18,A,C,Missense,8,2
rs567456,19,123456,ABC19,G,T,Insertion,100,4
rs890789,20,234567,ABC20,C,A,Deletion,33,0
rs234001,1,101234,DEF1,G,T,Missense,5,4
rs345001,2,202345,DEF2,C,A,Silent,4,1
rs456001,3,303456,DEF3,T,G,Frameshift,34,5
rs567001,4,404567,DEF4,A,C,Insertion,22,3
rs678001,5,505678,DEF5,G,C,Deletion,100,0
rs789001,6,606789,DEF6,T,A,Missense,1,2
rs890001,7,707890,DEF7,A,T,Silent,2,1
rs901001,8,808901,DEF8,G,A,Frameshift,5,4
rs123001,9,909012,DEF9,C,T,Missense,6,5
rs234002,10,101234,DEF10,G,C,Insertion,8,3
rs345002,11,202345,DEF11,T,A,Silent,7,1
rs456002,12,303456,DEF12,A,G,Missense,6,2
rs567002,13,404567,DEF13,C,G,Deletion,5,0
rs678002,14,505678,DEF14,T,C,Frameshift,12,5
rs789002,15,606789,DEF15,G,A,Silent,42,1
rs890002,16,707890,DEF16,A,T,Missense,53,4
rs901002,17,808901,DEF17,T,G,Insertion,67,3
rs123002,18,909012,DEF18,G,C,Silent,5,1
rs234003,19,101234,DEF19,A,T,Missense,4,2
rs345003,20,202345,DEF20,C,A,Deletion,3,0
rs567890,15,890123,GHI1,G,A,Missense,24,4
rs123456,12,234567,GHI2,T,G,Silent,5,1
rs890123,17,345678,GHI3,C,T,Insertion,6,3
rs234567,2,456789,GHI4,A,C,Deletion,7,0
rs345678,11,567890,GHI5,G,T,Missense,100,5
rs567123,9,678901,GHI6,A,G,Frameshift,98,2
rs789012,1,789012,GHI7,T,A,Silent,67,1
rs890567,14,890123,GHI8,C,G,Missense,87,4
rs456789,5,901234,GHI9,A,T,Silent,98,0
rs234890,7,123456,GHI10,G,C,Frameshift,12,5
rs678901,19,234567,GHI11,T,G,Insertion,3,3
rs345123,8,345678,GHI12,C,A,Missense,4,2
rs789345,4,456789,GHI13,A,G,Deletion,5,0
rs567456,16,567890,GHI14,T,C,Frameshift,7,4
rs123890,6,678901,GHI15,G,A,Silent,97,1
rs345890,18,789012,GHI16,A,C,Insertion,4,3
rs910111,10,890123,GHI17,T,G,Missense,3,5
rs234001,13,901234,GHI18,C,T,Silent,2,1
rs345001,3,123456,GHI19,A,G,Missense,4,4
rs456001,20,234567,GHI20,G,T,Frameshift,65,2
